"revenue","store_name"
5252241.4939575195,Baldwin Bikes
782879.9534454346,Rowlett Bikes
1402888.629371643,Santa Cruz Bikes
